Vegetable_Type,Missing_Cells
DRUMSTIC,16710
KNOL-KHOL,10536
LUFFA,8605
SWEET POTATOES,7846
CUCUMBER,7834
KANKUN,7430
RADDISH,7340
MANIOC,7285
GOTUKOLA,7276
LIME,7010
MUKUNUWENNA,6945
BITTER GOURD,6931
CAPSICUM,6927
LONG BEANS,6901
BEETROOT,6855
ASH PLANTAINS,6853
SNAKE GOURD,6807
GREEN BEANS,6778
LADIES FINGERS,6720
PUMPKIN,6703
GREEN CHILLIES,6690
LEEKS,6684
TOMATOES,6674
CABBAGE,6672
CARROT,6651
BRINJALS,6647
Items,0
